epoch,ASWB_given_MSIA_UGDR_AP,ASWB_given_MSIA_UGDR_AP_ma5,ASWB_given_MSIA_UGDR_AP75,ASWB_given_MSIA_UGDR_AP75_ma5,MSIA_given_ASWB_UGDR_AP,MSIA_given_ASWB_UGDR_AP_ma5,MSIA_given_ASWB_UGDR_AP75,MSIA_given_ASWB_UGDR_AP75_ma5,UGDR_given_ASWB_MSIA_AP,UGDR_given_ASWB_MSIA_AP_ma5,UGDR_given_ASWB_MSIA_AP75,UGDR_given_ASWB_MSIA_AP75_ma5
0,0.368176,0.368176,0.38631,0.38631,0.693802,0.693802,0.582256,0.582256,0.516941,0.516941,0.404221,0.404221
1,-0.127128,0.120524,0.061674,0.223992,2.329918,1.51186,2.16979,1.376023,2.135084,1.326012,2.033664,1.218943
2,1.15016,0.463736,0.696761,0.381582,3.647627,2.223783,3.163702,1.971916,0.765029,1.139018,0.915932,1.117939
3,-0.807106,0.146025,-0.651428,0.123329,0.167712,1.709765,0.170156,1.521476,1.932867,1.33748,2.56049,1.478577
4,1.173839,0.351588,0.887913,0.276246,0.343975,1.436607,0.061838,1.229548,2.128051,1.495594,2.886738,1.760209
5,-0.188592,0.240234,-0.386732,0.121638,-1.376788,1.022489,-1.661058,0.780885,3.793888,2.150984,4.697354,2.618836
6,2.735496,0.812759,3.231534,0.75561,0.560495,0.668604,0.907983,0.528524,3.711965,2.46636,5.182392,3.248581
7,-0.680696,0.446588,-0.889403,0.438377,-0.8294,-0.226801,-1.003218,-0.30486,4.876421,3.288638,6.121773,4.28975
8,-0.276154,0.552778,0.087238,0.58611,-0.054031,-0.27115,0.101104,-0.31867,4.014219,3.704909,5.563532,4.890358
9,-0.259541,0.266102,-0.459669,0.316594,-0.971013,-0.534148,-0.931542,-0.517346,4.289499,4.137198,6.400619,5.593134
10,-0.321407,0.23954,-0.705413,0.252857,-1.259683,-0.510727,-1.401109,-0.465356,4.335802,4.245581,6.414255,5.936514
11,0.808243,-0.145911,0.707063,-0.252037,-1.12075,-0.846976,-1.100534,-0.86706,4.714029,4.445994,6.694412,6.238918
12,0.253116,0.040852,0.138987,-0.046359,-0.45493,-0.772081,-0.360435,-0.738503,4.762348,4.423179,6.909911,6.396546
13,0.295939,0.15527,0.220724,-0.019662,-0.152456,-0.791766,-0.034384,-0.765601,4.947463,4.609828,7.149846,6.713809
14,-0.018647,0.203449,0.013837,0.07504,-0.450935,-0.687751,-0.208957,-0.621084,4.746317,4.701192,7.05291,6.844267
15,0.579583,0.383647,0.686045,0.353331,-0.262939,-0.488402,-0.265006,-0.393863,4.927086,4.819449,7.426813,7.046779
16,0.381467,0.298292,0.682001,0.348319,-0.450635,-0.354379,-0.335453,-0.240847,4.649434,4.80653,7.10173,7.128242
17,0.326908,0.31305,0.344655,0.389452,-0.431519,-0.349697,-0.662521,-0.301264,4.714128,4.796886,6.963554,7.138971
18,0.235888,0.30104,0.406786,0.426665,-0.504751,-0.420156,-0.426617,-0.379711,4.616392,4.730671,7.120593,7.13312
19,0.427542,0.390278,0.40607,0.505111,-0.435494,-0.417068,-0.430994,-0.424118,4.782081,4.737824,7.26477,7.175492
20,0.378591,0.350079,0.357854,0.439473,-0.477451,-0.45997,-0.494302,-0.469977,4.714802,4.695367,7.132772,7.116684
21,0.360678,0.345922,0.336248,0.370323,-0.453335,-0.46051,-0.53522,-0.509931,4.703342,4.706149,7.139839,7.124306
22,0.426318,0.365804,0.409242,0.38324,-0.398881,-0.453983,-0.613779,-0.500182,4.652306,4.693784,7.184778,7.16855
23,0.552565,0.429139,0.468849,0.395652,-0.343275,-0.421687,-0.545208,-0.5239,4.737728,4.718052,7.217314,7.187895
24,0.534952,0.450621,0.459509,0.40634,-0.35978,-0.406544,-0.589907,-0.555683,4.732099,4.708055,7.238226,7.182586
25,0.599974,0.494898,0.571298,0.449029,-0.374989,-0.386052,-0.581377,-0.573098,4.746819,4.714459,7.272498,7.210531
26,0.699014,0.562565,0.663782,0.514536,-0.467079,-0.388801,-0.677818,-0.601618,4.757737,4.725338,7.326874,7.247938
27,0.607381,0.598777,0.863449,0.605377,-0.447162,-0.398457,-0.505814,-0.580025,4.793874,4.753652,7.53927,7.318836
28,0.537159,0.595696,0.912896,0.694187,-0.585631,-0.446928,-0.584084,-0.5878,4.662342,4.738574,7.479688,7.371311
29,0.604701,0.609646,0.924577,0.7872,-0.670225,-0.509017,-0.676323,-0.605083,4.647903,4.721735,7.309939,7.385654
30,0.729837,0.635618,0.934309,0.859802,-0.55753,-0.545525,-0.738621,-0.636532,4.793965,4.731164,7.305006,7.392155
31,0.671867,0.630189,0.938426,0.914731,-0.658024,-0.583714,-1.026522,-0.706273,4.717811,4.723179,7.268613,7.380503
32,0.838747,0.676462,0.997364,0.941514,-0.554764,-0.605235,-0.993583,-0.803827,4.77801,4.720006,7.278779,7.328405
33,0.832022,0.735435,1.037639,0.966463,-0.708299,-0.629768,-1.096042,-0.906218,4.655554,4.718649,7.245295,7.281526
34,0.996468,0.813788,1.117312,1.00501,-0.689857,-0.633695,-1.060091,-0.982972,4.622213,4.713511,7.216768,7.262892
35,1.011194,0.87006,1.279516,1.074051,-0.626548,-0.647498,-1.008222,-1.036892,4.486841,4.652086,7.009115,7.203714
36,1.171803,0.970047,1.584687,1.203304,-0.65248,-0.646389,-0.832712,-0.99813,4.349002,4.578324,7.095764,7.169144
37,1.442544,1.090806,1.845252,1.372881,-0.514447,-0.638326,-1.000306,-0.999475,4.243828,4.471488,7.023649,7.118118
38,1.66494,1.25739,2.069343,1.579222,-0.510476,-0.598762,-0.933786,-0.967023,4.032704,4.346918,6.762327,7.021525
39,1.814914,1.421079,2.453993,1.846558,-0.451507,-0.551091,-0.651115,-0.885228,3.936086,4.209692,6.851011,6.948373
40,2.024003,1.623641,2.651381,2.120931,-0.443171,-0.514416,-0.784233,-0.84043,3.818021,4.075928,6.561396,6.85883
41,2.3747,1.86422,3.126212,2.429236,-0.427909,-0.469502,-0.583449,-0.790578,3.739657,3.954059,6.682995,6.776276
42,2.557391,2.08719,3.378498,2.735886,-0.382351,-0.443083,-0.559274,-0.702371,3.510411,3.807376,6.311539,6.633854
43,2.72223,2.298647,3.481859,3.018389,-0.332518,-0.407491,-0.547875,-0.625189,3.452522,3.69134,6.067658,6.49492
44,2.912396,2.518144,3.849921,3.297574,-0.261617,-0.369513,-0.508388,-0.596644,3.388159,3.581754,5.973269,6.319371
45,3.07264,2.727871,4.08062,3.583422,-0.170286,-0.314936,-0.389267,-0.517651,3.239246,3.465999,5.700801,6.147252
46,3.163831,2.885698,4.236396,3.805459,-0.216327,-0.27262,-0.324796,-0.46592,3.096106,3.337289,5.520657,5.914785
47,3.295393,3.033298,4.415663,4.012892,-0.125863,-0.221322,-0.249406,-0.403946,3.054396,3.246086,5.443906,5.741258
48,3.362697,3.161392,4.760748,4.26867,-0.062216,-0.167262,0.022427,-0.289886,2.919766,3.139535,5.283562,5.584439
49,3.467571,3.272426,4.71241,4.441167,0.081802,-0.098578,-0.000384,-0.188285,2.829942,3.027891,5.152774,5.42034
50,3.534916,3.364882,4.789654,4.582974,0.075905,-0.04934,0.015974,-0.107237,2.700621,2.920166,4.686789,5.217538
51,3.594195,3.450954,4.918645,4.719424,0.009856,-0.004103,0.007395,-0.040799,2.536324,2.80821,4.538227,5.021052
52,3.597648,3.511405,4.977371,4.831766,-0.03577,0.013915,-0.052777,-0.001473,2.390745,2.67548,4.399945,4.81226
53,3.775586,3.593983,5.091229,4.897862,0.066857,0.03973,-0.02775,-0.011508,2.374168,2.56636,4.089446,4.573436
54,3.759191,3.652307,5.295804,5.014541,0.108254,0.04502,0.204799,0.029528,2.300117,2.460395,4.177369,4.378355
55,3.858749,3.717074,5.411913,5.138992,0.105587,0.050957,0.066266,0.039587,2.256382,2.371547,4.122997,4.265597
56,3.881679,3.774571,5.562823,5.267828,0.085315,0.066048,0.100059,0.05812,2.190163,2.302315,4.069482,4.171848
57,3.931924,3.841426,5.610821,5.394518,0.090144,0.091231,0.205411,0.109757,2.16534,2.257234,3.862536,4.064366
58,3.97161,3.880631,5.585405,5.493353,0.13053,0.103966,0.222115,0.15973,2.203081,2.223016,3.828594,4.012196
59,3.986813,3.926155,5.649862,5.564165,0.208328,0.123981,0.306986,0.180167,2.238628,2.210719,3.884757,3.953673
60,3.994824,3.95337,5.448918,5.571566,0.234873,0.149838,0.347317,0.236378,2.257158,2.210874,3.914918,3.912057
61,3.986776,3.974389,5.462352,5.551472,0.246618,0.182099,0.332469,0.28286,2.339863,2.240814,3.895261,3.877213
62,3.947815,3.977568,5.424308,5.514169,0.253111,0.214692,0.374324,0.316642,2.369458,2.281638,3.90858,3.886422
63,3.823013,3.947848,5.370306,5.471149,0.175161,0.223618,0.361836,0.344586,2.387584,2.318538,3.982079,3.917119
64,3.816765,3.913839,5.325359,5.406249,0.29273,0.240499,0.430984,0.369386,2.543653,2.379543,4.119697,3.964107
65,3.800757,3.875025,5.249373,5.36634,0.317849,0.257094,0.439206,0.387764,2.711022,2.470316,4.421464,4.065416
66,3.801293,3.837929,5.261429,5.326155,0.361675,0.280105,0.472682,0.415806,2.808477,2.564039,4.43258,4.17288
67,3.794625,3.807291,5.243529,5.289999,0.377869,0.305057,0.483724,0.437687,2.895388,2.669225,4.534488,4.298062
68,3.777873,3.798263,5.191903,5.254318,0.423269,0.354678,0.55822,0.476963,2.9978,2.791268,4.637884,4.429223
69,3.830053,3.80092,5.175725,5.224392,0.479293,0.391991,0.556046,0.501976,3.119396,2.906417,4.762782,4.55784
70,3.900482,3.820865,5.255429,5.225603,0.55707,0.439835,0.836143,0.581363,3.234855,3.011183,4.928151,4.659177
71,3.853625,3.831332,5.282176,5.229752,0.55852,0.479204,0.838691,0.654565,3.353297,3.120147,5.197512,4.812163
