epoch,Baseline_AP,Baseline_AP75,ASWB_AP,ASWB_AP75,MSIA_AP,MSIA_AP75,UGDR_AP,UGDR_AP75,ASWB_MSIA_AP,ASWB_MSIA_AP75,ASWB_UGDR_AP,ASWB_UGDR_AP75,MSIA_UGDR_AP,MSIA_UGDR_AP75,Ours_AP,Ours_AP75
0,0.732702,0.275779,1.266654,0.668972,1.383426,1.069422,2.384238,0.657962,1.069597,0.343261,0.892735,0.165226,1.218361,0.361172,1.586537,0.747482
1,5.667512,3.038705,2.883767,1.631853,4.082467,1.899286,8.720974,6.78217,4.481436,2.58738,4.286602,2.451255,6.743647,4.55937,6.61652,4.621045
2,7.681426,5.238379,7.13419,4.369276,10.172367,7.187207,11.043822,9.06581,11.889554,8.958303,9.006955,6.710533,11.504423,9.177474,12.654582,9.874235
3,9.414362,5.99824,9.086843,6.189544,11.35858,8.443512,12.461373,9.707405,11.371704,8.247277,13.136859,10.637611,14.111678,11.459194,13.304571,10.807766
4,14.529266,10.688737,13.051396,9.345216,10.730878,6.769808,16.563551,13.259121,13.441452,9.525481,15.225528,12.350382,14.395664,11.524307,15.569503,12.41222
5,13.828821,9.630711,14.5968,10.345263,14.840924,10.475975,16.421131,13.373913,13.837357,9.356262,19.008033,15.714675,17.819838,14.440348,17.631245,14.053616
6,15.135938,10.22967,16.097294,11.114538,12.942956,8.293098,18.03272,14.385842,16.596264,11.999782,19.747734,16.274191,17.572733,13.95064,20.308229,17.182174
7,16.385236,11.716227,16.56971,11.655856,17.248376,12.172349,19.345618,16.202092,15.368362,10.443415,21.074183,17.568406,20.92548,17.454591,20.244783,16.565188
8,16.166162,10.591907,18.033363,12.930789,18.079352,12.576241,20.351481,16.875368,17.069536,12.075739,21.137786,17.538167,21.359908,17.552034,21.083755,17.639272
9,16.998364,11.553407,18.078086,12.756048,18.247494,13.052581,21.669295,18.128823,17.380472,11.466199,22.640984,18.79836,21.929511,18.326487,21.669971,17.866818
10,18.578367,13.054015,18.492187,12.936351,18.707693,13.469605,21.783295,18.144081,18.043364,12.091282,23.638849,19.906647,22.700573,19.210951,22.379166,18.505538
11,18.216647,12.336044,19.743162,14.072565,18.506351,12.869474,22.616785,18.943536,18.401516,12.65871,24.236295,20.453656,22.307301,18.646059,23.115545,19.353122
12,18.349438,12.472465,19.265682,13.298834,19.452644,13.593953,23.332861,19.890103,18.858562,12.914718,24.07584,20.185064,23.367794,19.685643,23.62091,19.824629
13,18.842211,12.954702,19.223804,13.140861,19.814211,14.088819,23.417348,19.959448,19.241511,13.227258,24.341431,20.411488,23.893036,20.15638,24.188975,20.377104
14,18.793926,12.696571,19.539771,13.471563,19.622462,13.692609,23.811983,20.229903,19.434628,13.266539,24.63188,20.528406,24.199592,20.305612,24.180945,20.319449
15,18.816803,12.716928,19.667779,13.511405,19.602,13.483464,23.987119,20.186052,19.62286,13.287188,24.812885,20.979007,23.970364,20.027956,24.549946,20.714001
16,19.027663,12.98461,19.79796,13.566947,19.760496,13.429772,24.289362,20.418843,19.928127,13.679981,25.028196,21.117164,24.196094,20.09971,24.577561,20.781711
17,19.238212,13.128378,19.831944,13.486763,19.9925,13.714709,24.44608,20.731148,20.023068,13.613494,25.168716,21.239569,24.410289,20.232394,24.737197,20.577049
18,19.461495,13.348145,19.854306,13.591235,20.072666,13.844229,24.57848,20.876959,20.217237,13.771609,25.33838,21.318818,24.597741,20.485415,24.833629,20.892202
19,19.542059,13.385703,19.779867,13.419854,20.101311,13.8309,24.559297,20.811441,20.220813,13.691953,25.438389,21.387717,24.575352,20.550653,25.002894,20.956723
20,19.579462,13.425003,19.744211,13.325116,20.144634,13.789257,24.585939,20.784565,20.348903,13.825494,25.541156,21.452568,24.685113,20.600412,25.063705,20.958266
21,19.698068,13.516498,19.875403,13.387067,20.180347,13.762204,24.60836,20.766283,20.435965,13.858886,25.592642,21.533945,24.778629,20.662478,25.139307,20.998725
22,19.708555,13.492637,19.878096,13.406646,20.162974,13.698083,24.654845,20.763376,20.604744,13.933821,25.655931,21.732377,24.830732,20.709357,25.25705,21.118599
23,19.775621,13.657408,19.953598,13.451577,20.214179,13.746331,24.706362,20.782066,20.678848,14.016906,25.759851,21.779427,24.864011,20.765371,25.416576,21.23422
24,19.961828,13.766075,19.980311,13.474612,20.312851,13.834236,24.78524,20.815778,20.765275,14.028619,25.857154,21.856752,24.962422,20.807336,25.497374,21.266845
25,20.028027,13.778136,20.195978,13.567663,20.279069,13.655468,24.867892,20.877647,20.860103,14.08196,25.981911,21.935835,25.006947,20.78316,25.606921,21.354458
26,20.051839,13.763008,20.330033,13.808166,20.325484,13.650294,24.821513,20.868518,20.95175,14.094094,26.176566,22.098786,25.010473,20.757187,25.709487,21.420968
27,20.174095,13.838953,20.424334,13.86344,20.332344,13.64839,24.90687,20.83692,20.983152,14.105566,26.224189,22.150651,25.169645,20.781387,25.777027,21.644836
28,20.245699,13.820141,20.477442,13.930588,20.406965,13.660868,24.912787,20.83748,21.113968,14.184463,26.361941,22.248236,25.239152,20.751255,25.77631,21.664151
29,20.32179,13.830286,20.54241,13.953335,20.476428,13.702442,24.900157,20.844787,21.234506,14.400745,26.552633,22.387006,25.277708,20.786107,25.882409,21.710683
30,20.347057,13.866545,20.535599,13.869842,20.486689,13.681592,24.9022,20.836263,21.259926,14.404303,26.611422,22.44793,25.324055,20.775,26.053892,21.709309
31,20.398028,13.800625,20.653717,13.920299,20.47811,13.589044,24.928034,20.836086,21.289009,14.426999,26.664844,22.722134,25.334953,20.757186,26.00682,21.695612
32,20.413778,13.717054,20.828839,14.033385,20.526235,13.709195,25.100836,20.963301,21.39139,14.478996,26.724164,22.751357,25.330653,20.760411,26.1694,21.757775
33,20.618385,13.791991,21.035551,14.207412,20.528522,13.705642,25.211792,21.043772,21.53983,14.560964,26.903683,22.9023,25.363362,20.76862,26.195384,21.806258
34,20.713513,13.82026,21.252484,14.330222,20.600572,13.685582,25.316375,21.060659,21.731931,14.71447,27.044001,22.991329,25.357675,20.813926,26.354144,21.931238
35,20.792127,13.798747,21.522522,14.652675,20.682222,13.732596,25.365023,21.10958,22.069481,15.107064,27.18287,23.124401,25.545128,20.836663,26.556322,22.116179
36,20.783601,13.667639,21.79756,14.932245,20.796475,13.75162,25.465433,21.315687,22.459597,15.367623,27.461079,23.296099,25.636796,20.8787,26.808599,22.463387
37,20.804294,13.657256,22.052776,15.186859,20.933207,13.756149,25.619204,21.450871,22.866552,15.655063,27.624828,23.679018,25.667836,20.83346,27.11038,22.678712
38,20.862114,13.565567,22.346409,15.549376,21.099183,13.872772,25.797911,21.492458,23.284073,16.1734,27.827253,23.869513,25.651838,20.866384,27.316778,22.935727
39,20.9405,13.517838,22.674861,15.798654,21.281075,13.978908,25.940401,21.590447,23.666523,16.609101,28.054116,24.111228,25.787695,21.006119,27.602609,23.460113
40,20.974489,13.392306,22.984358,16.234464,21.479789,14.300305,26.035599,21.632093,24.05988,17.096745,28.321072,24.442374,25.853898,21.00676,27.877901,23.658141
41,21.034004,13.378594,23.302251,16.568852,21.633786,14.395806,26.123781,21.625848,24.41017,17.454235,28.577736,24.720679,25.775127,21.011018,28.149827,24.13723
42,21.102398,13.305535,23.61075,16.905312,21.790756,14.536652,26.146089,21.61178,24.891662,18.084123,28.784425,24.954935,25.844683,21.017163,28.402074,24.395661
43,21.146795,13.216341,23.920544,17.365967,21.985681,14.652351,26.172059,21.537117,25.24345,18.501631,29.028491,25.117164,25.973743,21.08743,28.695973,24.569289
44,21.216694,13.160427,24.26263,17.676933,22.185333,14.785712,26.193438,21.521706,25.617304,19.061799,29.26708,25.543456,26.093067,21.185146,29.005463,25.035068
45,21.224007,13.137748,24.529655,18.063341,22.39092,15.126351,26.277582,21.541988,26.006333,19.628372,29.415866,25.71844,26.172939,21.248553,29.245579,25.329173
46,21.419166,13.151516,24.791997,18.379342,22.56993,15.31832,26.327588,21.465511,26.371261,20.012012,29.683694,25.857465,26.303536,21.296273,29.467367,25.532669
47,21.526247,13.160478,25.06842,18.621922,22.771615,15.445804,26.364132,21.434252,26.667952,20.32093,29.848211,26.014241,26.426955,21.349172,29.722348,25.764836
48,21.570395,13.147375,25.292007,19.000851,23.011766,15.807209,26.513942,21.473434,27.006702,20.851575,29.988684,26.112711,26.563771,21.37439,29.926468,26.135137
49,21.569741,13.088628,25.463705,19.176969,23.124404,15.944497,26.544603,21.464308,27.367025,21.217991,30.115165,26.371149,26.729396,21.658355,30.196967,26.370765
50,21.607716,13.103431,25.45287,19.205849,23.328841,16.042997,26.603495,21.422898,27.693508,21.854764,30.318224,26.52558,26.859214,21.7519,30.394129,26.541554
51,21.650547,13.081434,25.613484,19.314565,23.456997,16.125742,26.675996,21.349563,27.994992,22.169262,30.521461,26.700094,26.937121,21.788843,30.531316,26.707489
52,21.74154,13.132196,25.767844,19.397036,23.620633,16.235737,26.729823,21.289588,28.266292,22.424451,30.692807,26.877173,27.059389,21.847025,30.657037,26.824396
53,21.847238,13.168475,25.879652,19.62576,23.754887,16.390157,26.763491,21.241137,28.52385,22.917856,30.831161,27.035052,27.122432,21.916073,30.898018,27.007302
54,21.889346,13.179971,26.074013,19.834354,23.981186,16.72022,26.778841,21.1947,28.731385,23.174357,30.923248,27.146927,27.27231,22.055922,31.031501,27.351726
55,21.962679,13.176665,26.032194,19.81589,24.108259,16.84555,26.808652,21.202024,28.964231,23.385057,31.115026,27.441788,27.361864,22.096141,31.220613,27.508054
56,21.999358,13.164727,26.125032,19.883881,24.324126,17.018225,26.870136,21.221419,29.147432,23.586323,31.25228,27.555746,27.455916,22.092982,31.337595,27.655805
57,22.001949,13.106694,26.205402,19.931119,24.430872,17.085305,26.934986,21.202797,29.315451,23.902774,31.390647,27.5599,27.548867,22.154489,31.480791,27.76531
58,22.009962,13.121593,26.216692,19.869341,24.564859,17.189706,26.975902,21.202464,29.409967,23.985833,31.482517,27.592312,27.641438,22.229022,31.613048,27.814427
59,22.023589,13.090296,26.326105,19.869712,24.703285,17.31636,26.955161,21.114377,29.494767,24.018282,31.525067,27.596052,27.746582,22.253177,31.733395,27.903039
60,22.022765,13.087624,26.361801,19.831166,24.855512,17.50713,26.973382,21.053933,29.565779,24.082041,31.588064,27.649642,27.828114,22.548041,31.822938,27.996958
61,22.066603,13.160496,26.380527,19.799276,24.915068,17.546019,26.980826,21.060098,29.553243,24.149479,31.646487,27.712271,27.90633,22.582388,31.893106,28.04474
62,22.123195,13.174338,26.346337,19.719796,25.122671,17.668979,27.067082,21.065564,29.5903,24.147445,31.706647,27.681702,28.011943,22.631717,31.959758,28.056026
63,22.095558,13.112683,26.314871,19.668146,25.219978,17.76475,27.030345,20.985533,29.595229,24.085287,31.807653,27.70553,28.1598,22.69706,31.982814,28.067366
64,22.099147,13.052387,26.312335,19.622433,25.273028,17.771236,27.025276,20.95926,29.556953,23.974201,31.807877,27.662914,28.283842,22.768539,32.100607,28.093898
65,22.098248,13.049459,26.263875,19.508322,25.329938,17.761527,27.012917,20.876382,29.413469,23.665265,31.806642,27.647523,28.323734,22.837356,32.124491,28.086729
66,22.134188,13.041507,26.21929,19.429668,25.329841,17.71327,27.004314,20.858399,29.375862,23.623952,31.822664,27.583851,28.383045,22.795104,32.184339,28.056533
67,22.155512,13.091859,26.16516,19.130195,25.394115,17.71271,26.910887,20.560126,29.299703,23.463025,31.817222,27.513789,28.400466,22.753984,32.195091,27.997513
68,22.171019,13.075642,26.104266,18.99925,25.407244,17.673179,26.866513,20.431973,29.205764,23.32324,31.780295,27.402905,28.425691,22.769221,32.203564,27.961124
69,22.161133,13.062376,26.026169,18.854789,25.45867,17.742134,26.848797,20.417933,29.1143,23.096877,31.754403,27.303613,28.403642,22.683934,32.233696,27.859659
70,22.19848,13.102266,25.887019,18.67097,25.459293,17.706297,26.874199,20.366096,29.012214,22.905432,31.689999,26.997439,28.346587,22.578154,32.247069,27.833583
71,22.17846,13.059962,25.797548,18.533628,25.525151,17.600727,26.985236,20.292625,28.870144,22.559943,31.664921,26.918765,28.369816,22.47528,32.223441,27.757456
