image_id,file_name,instances,density_group,density_source,domain,domain_source,growth_stage,stage_source,mean_instance_occlusion,occlusion_group,selection_rank,selection_phase,selection_stratum,alpha_scale,speed_scale,dynamic_alpha,dynamic_speed,alpha_mapping,input_high_frequency_ratio,output_high_frequency_ratio,high_frequency_ratio_change,aswb_relative_change,msia_input_relative_change,msia_output_relative_change,decoder_logits_relative_change,decoder_boxes_relative_change,normal_mean_nodes_per_hyperedge,bypass_mean_nodes_per_hyperedge,normal_degree_std,bypass_degree_std,topology_jaccard,topology_change_fraction
1271,ef23f37742204651ceacc809f7fe62d4d2c0521ad2c8018e772474429b52ae59.png,33,30-40,authoritative_subset_annotations,KSU_4,authoritative_subset_annotations,Ripening,authoritative_subset_annotations,0.10372333852144257,Medium (10-30%),1,marginal_group_coverage,KSU_4 | 30-40 | Ripening,0.4630325138568878,0.4920453727245331,0.13054512441158295,1.1444318294525146,inverse,0.1680624634027481,0.0019347453489899635,-0.16612771805375814,1.2635811567306519,0.4546821713447571,0.28064537048339844,0.45353230834007263,0.6374922394752502,136.81625,81.935,159.5978970285558,107.64349504266387,0.5178936960066614,0.04342421875
58,0aa03405bc8a993d4b9b661f4564d8465f020aa1bb7b2d8994baa734f18cfa8a.png,90,80-100,authoritative_subset_annotations,UQ_10,authoritative_subset_annotations,Filling-Ripening,authoritative_subset_annotations,0.1284326295868071,Medium (10-30%),2,marginal_group_coverage,UQ_10 | 80-100 | Filling-Ripening,0.45837658643722534,0.48737841844558716,0.1312435120344162,1.1411648988723755,inverse,0.14594195783138275,0.002950236201286316,-0.14299172163009644,1.3048313856124878,0.5238326191902161,0.32165226340293884,0.6595278978347778,0.7017515301704407,315.58875,205.3775,287.7053955410595,211.2269395549488,0.5807573562320314,0.08635546875
810,9a89c5fc7dd18e9da767cc0e410b6ae10c989861c0058078ef59de0f1413e62b.png,50,50-60,authoritative_subset_annotations,ARC_1,authoritative_subset_annotations,Filling,authoritative_subset_annotations,0.08327009663042327,Low (<10%),3,marginal_group_coverage,ARC_1 | 50-60 | Filling,0.45937901735305786,0.48389509320259094,0.13109314441680908,1.1387265920639038,inverse,0.15988081693649292,0.0020681526511907578,-0.15781266428530216,1.2835841178894043,0.4856499135494232,0.31442782282829285,0.5064438581466675,0.7043033242225647,234.3675,179.015,240.6430420638627,203.94815462513998,0.599367422245651,0.06471875
236,2a47f78c1f8919ccb888ff1d3da4cab3db4ef9eaaaef53745220f7f0ad1510c1.png,66,60-70,authoritative_subset_annotations,Ukyoto_1,authoritative_subset_annotations,Post-Flowering,authoritative_subset_annotations,0.21220952419129036,Medium (10-30%),4,marginal_group_coverage,Ukyoto_1 | 60-70 | Post-Flowering,0.44931545853614807,0.45808619260787964,0.13260269165039062,1.1206603050231934,inverse,0.09213022142648697,0.007206458132714033,-0.08492376329377294,1.2081899642944336,0.2440595179796219,0.1986686736345291,0.5583852529525757,0.6414216160774231,82.8725,71.0725,99.65681734708369,90.77602791348605,0.6171542623036924,0.022778125
1303,f396bf5c9b1bc884ab843338d88c7fd2c7733ee0610fede3607bfaeb3eecf8cd.png,40,40-50,authoritative_subset_annotations,Terraref_1,authoritative_subset_annotations,Ripening,authoritative_subset_annotations,0.02266673618716867,Low (<10%),5,marginal_group_coverage,Terraref_1 | 40-50 | Ripening,0.4650961458683014,0.4912984073162079,0.13023558259010315,1.1439088582992554,inverse,0.1704670935869217,0.002011735923588276,-0.16845535766333342,1.3211199045181274,0.5694094896316528,0.35110247135162354,0.47860926389694214,0.8321188688278198,294.67125,207.145,256.397193185568,203.11639883327985,0.541394059466765,0.09331484375
343,3d3dbc1bfd2d0c8e7f1d39e48341a99a1652c16dcae0d64497e226649c919211.png,9,0-10,authoritative_subset_annotations,Terraref_2,authoritative_subset_annotations,Filling,authoritative_subset_annotations,0.0,Low (<10%),6,marginal_group_coverage,Terraref_2 | 0-10 | Filling,0.45860031247138977,0.48570460081100464,0.13120995461940765,1.1399931907653809,inverse,0.15829478204250336,0.0020449054427444935,-0.15624987659975886,1.2685556411743164,0.6396440267562866,0.3831183612346649,0.4396793246269226,0.718202531337738,273.38375,159.05875,245.54533234402462,172.35167985383111,0.4614357769873523,0.0996015625
936,b320f9f3b341ac6bbcf3e30cd53450adf92637a95f2b03e8f43fac1e970d1640.png,127,>100,authoritative_subset_annotations,UQ_8,authoritative_subset_annotations,Ripening,authoritative_subset_annotations,0.11629113507268499,Medium (10-30%),7,marginal_group_coverage,UQ_8 | >100 | Ripening,0.4669919013977051,0.4864860773086548,0.12995122373104095,1.1405402421951294,inverse,0.115961953997612,0.002726559527218342,-0.11323539447039366,1.3031253814697266,0.5164487361907959,0.36247971653938293,0.6421664953231812,0.7776016592979431,188.06375,141.26375,212.98086694803715,166.71229839438212,0.5937258033294619,0.0524703125
1075,cd6a1becf70c3d1fbc8315f96d9374161e0debc9cb741b96c4f534cebadf4d07.png,26,20-30,authoritative_subset_annotations,CIMMYT_3,authoritative_subset_annotations,Post-Flowering,authoritative_subset_annotations,0.029177335635629385,Low (<10%),8,marginal_group_coverage,CIMMYT_3 | 20-30 | Post-Flowering,0.46165645122528076,0.4912342131137848,0.13075153529644012,1.1438639163970947,inverse,0.16532790660858154,0.0018669668352231383,-0.1634609397733584,1.2487692832946777,0.5781205892562866,0.35387367010116577,0.37284407019615173,0.6105976700782776,386.44625,258.18,322.1654402026038,249.67302637649908,0.6068304963809773,0.09858203125
484,5d8aeadb88917be3bdbc9dbc3b9864c4c73eac71ba6ae0963d27ab1cb9b1d633.png,79,70-80,authoritative_subset_annotations,NAU_2,authoritative_subset_annotations,Post-Flowering,authoritative_subset_annotations,0.02344408224859028,Low (<10%),9,marginal_group_coverage,NAU_2 | 70-80 | Post-Flowering,0.454067587852478,0.4885944128036499,0.13188986480236053,1.142016053199768,inverse,0.15691974759101868,0.001832527224905789,-0.1550872203661129,1.2865008115768433,0.5100765824317932,0.3127500116825104,0.5235320925712585,0.7056682705879211,220.55625,184.7925,235.77207868180128,205.58740706509727,0.619209067758526,0.05957890625
716,8b1981c667df62d047a601f829e180fb14aba73126685b751a12a949eb10c576.png,18,10-20,authoritative_subset_annotations,UQ_11,authoritative_subset_annotations,Post-Flowering,authoritative_subset_annotations,0.0,Low (<10%),10,marginal_group_coverage,UQ_11 | 10-20 | Post-Flowering,0.45847395062446594,0.48532339930534363,0.13122890889644623,1.1397264003753662,inverse,0.15091343224048615,0.0018755337223410606,-0.14903789851814508,1.2671406269073486,0.6342721581459045,0.380295991897583,0.5537086129188538,0.6952391266822815,674.6175,500.505,392.78009743843944,346.1728632128752,0.6360798045262477,0.1633671875
950,b522035f3cba03dbedbae313148c4a925fd7d76b0dba9ba5496fdc251fc5e773.png,59,50-60,authoritative_subset_annotations,KSU_1,authoritative_subset_annotations,Post-Flowering,authoritative_subset_annotations,0.09008772166402192,Low (<10%),11,marginal_group_coverage,KSU_1 | 50-60 | Post-Flowering,0.4539271295070648,0.4886152446269989,0.13191093504428864,1.1420307159423828,inverse,0.1604457050561905,0.0017155836103484035,-0.1587301214458421,1.3127808570861816,0.5107719898223877,0.2908298075199127,0.5020408630371094,0.7191404700279236,319.6125,212.43875,286.19198729829947,213.81663288537098,0.5963552898553443,0.08408203125
100,12c14f1e8a325bca721548ea06d4d00e4ae9d80b8b0dd24841d63a4abcb86aa4.png,48,40-50,authoritative_subset_annotations,CIMMYT_1,authoritative_subset_annotations,Post-Flowering,authoritative_subset_annotations,0.0337452177121263,Low (<10%),12,marginal_group_coverage,CIMMYT_1 | 40-50 | Post-Flowering,0.4713338315486908,0.49790868163108826,0.12929992377758026,1.1485360860824585,inverse,0.16779737174510956,0.0017341193743050098,-0.16606325237080455,1.2502374649047852,0.5887320041656494,0.38780733942985535,0.49551695585250854,0.7264728546142578,393.6575,292.9675,317.53316786400444,267.66218250576605,0.6054409044012988,0.1054671875
67,0c5c62fa5b62f2d08b34d895016db54a89e63df00a0689e6372eb210988b6f35.png,43,40-50,authoritative_subset_annotations,KSU_2,authoritative_subset_annotations,Post-Flowering,authoritative_subset_annotations,0.10245583671444643,Medium (10-30%),13,marginal_group_coverage,KSU_2 | 40-50 | Post-Flowering,0.4552944004535675,0.4901728332042694,0.1317058503627777,1.1431210041046143,inverse,0.15211914479732513,0.001507909270003438,-0.1506112355273217,1.251410961151123,0.5700152516365051,0.321237176656723,0.42817434668540955,0.7226656675338745,436.84875,301.15125,354.10076196393237,283.50335249064955,0.6370260693074249,0.102271875
627,7b2b8d8215a8a3ff1206391fef0a3e1ec80ca9f4389b6ec3e5d1e0ce34f290da.png,64,60-70,authoritative_subset_annotations,KSU_3,authoritative_subset_annotations,Filling,authoritative_subset_annotations,0.33219928026850326,High (>30%),14,marginal_group_coverage,KSU_3 | 60-70 | Filling,0.4596104621887207,0.48661747574806213,0.1310584396123886,1.1406322717666626,inverse,0.18206872045993805,0.002170013030990958,-0.1798987074289471,1.286568522453308,0.42142680287361145,0.2771246135234833,0.4982864558696747,0.7571221590042114,94.0825,75.42875,129.17318101583626,109.64419694373935,0.6228354654571999,0.02462265625
576,6f9fd8f63066ebafa56e4d3e4e4aa778c93e4a5f7a24221dfecd439fd2b1c7ce.png,31,30-40,authoritative_subset_annotations,NAU_3,authoritative_subset_annotations,Filling,authoritative_subset_annotations,0.002068590887840537,Low (<10%),15,marginal_group_coverage,NAU_3 | 30-40 | Filling,0.44639819860458374,0.48272252082824707,0.13304027915000916,1.1379058361053467,inverse,0.150191068649292,0.0018277374329045415,-0.14836333121638745,1.320557713508606,0.5914482474327087,0.34378209710121155,0.4723978340625763,0.6807935833930969,330.93375,226.01125,271.42590261605005,205.15691829289477,0.5243940824677369,0.108603125
853,a3bd5347349a3b694b5c1c0ab968321d2158ff676855722fa84cda3f00142dcc.png,33,30-40,authoritative_subset_annotations,CIMMYT_2,authoritative_subset_annotations,Post-Flowering,authoritative_subset_annotations,0.0,Low (<10%),16,marginal_group_coverage,CIMMYT_2 | 30-40 | Post-Flowering,0.45893266797065735,0.49047186970710754,0.13116011023521423,1.1433303356170654,inverse,0.15725809335708618,0.0018972380785271525,-0.15536085527855903,1.2753283977508545,0.6242720484733582,0.3670656383037567,0.49060899019241333,0.7621974945068359,503.23625,354.68375,365.8375943447277,305.8869255720772,0.624925422605237,0.12376875
650,7f5cf836f926582ff0ae00f4adf0435c61899e19db50afbbdaeddb0fa39fbaa3.png,100,>100,authoritative_subset_annotations,UQ_9,authoritative_subset_annotations,Filling-Ripening,authoritative_subset_annotations,0.42506642767439495,High (>30%),17,marginal_group_coverage,UQ_9 | >100 | Filling-Ripening,0.45928242802619934,0.4843049943447113,0.1311076432466507,1.1390135288238525,inverse,0.1626744270324707,0.0027339861262589693,-0.15994044090621173,1.2933369874954224,0.4312364161014557,0.27923882007598877,0.7100206613540649,0.6959837675094604,57.49875,43.77125,84.76559590091667,66.73941057154686,0.5451043216233742,0.018634375
1057,c913c2d5732269bda42e314c653e39ec7060a398e09669368536740210eab588.png,85,80-100,authoritative_subset_annotations,UQ_7,authoritative_subset_annotations,Ripening,authoritative_subset_annotations,0.0862843604029386,Low (<10%),18,marginal_group_coverage,UQ_7 | 80-100 | Ripening,0.4580703675746918,0.48362159729003906,0.13128943741321564,1.1385351419448853,inverse,0.15887756645679474,0.0021268746349960566,-0.15675069182179868,1.2816162109375,0.46277159452438354,0.2817627787590027,0.5940213203430176,0.7095659971237183,238.6275,203.02625,251.70522440694393,225.00863996952984,0.7132888835010305,0.04619296875
3,00c381a39bd346465c707995a1ff7c584bff11a9d0044d1cefbc20e6e6c59827.png,85,80-100,authoritative_subset_annotations,Ukyoto_1,authoritative_subset_annotations,Post-Flowering,authoritative_subset_annotations,0.3580932744521821,High (>30%),19,joint_stratum_round_robin,Ukyoto_1 | 80-100 | Post-Flowering,0.4504950940608978,0.47822150588035583,0.13242574036121368,1.1347551345825195,inverse,0.13876591622829437,0.002791980979964137,-0.13597393524833024,1.2748810052871704,0.39032354950904846,0.27287206053733826,0.47003719210624695,0.5843567848205566,125.86875,111.995,150.99705385681372,142.9314214055118,0.6616253787514954,0.03027421875
296,34b7c6020b04a588a0da2347d35cb8e4c901a26961444731a663641045491fd8.png,31,30-40,authoritative_subset_annotations,KSU_2,authoritative_subset_annotations,Post-Flowering,authoritative_subset_annotations,0.05771091933584834,Low (<10%),20,joint_stratum_round_robin,KSU_2 | 30-40 | Post-Flowering,0.4674053490161896,0.49389180541038513,0.12988920509815216,1.1457242965698242,inverse,0.16915445029735565,0.0018018458504229784,-0.16735260444693267,1.2955337762832642,0.49280595779418945,0.2926311194896698,0.3675319254398346,0.7917711734771729,286.198125,178.82375,253.50947244922503,188.1494889335007,0.572889647110057,0.078921484375
977,bb8161ed883e05ea4c879668c02e0dafbfb72c75fcec44cd2f33fa58487caf6c.png,39,30-40,authoritative_subset_annotations,UQ_11,authoritative_subset_annotations,Post-Flowering,authoritative_subset_annotations,0.008194549910446797,Low (<10%),21,joint_stratum_round_robin,UQ_11 | 30-40 | Post-Flowering,0.4638696312904358,0.48592573404312134,0.1304195523262024,1.1401480436325073,inverse,0.13106630742549896,0.002771355677396059,-0.1282949517481029,1.2774932384490967,0.6036050319671631,0.42566147446632385,0.5910676717758179,0.7242649793624878,572.09875,440.29625,380.8154034416643,325.8002240421843,0.6279031437868954,0.1446296875
809,9a65adae31802d7d91cc498b5fd2659080a7da9110aefe13bf822818473f8c03.png,64,60-70,authoritative_subset_annotations,KSU_1,authoritative_subset_annotations,Post-Flowering,authoritative_subset_annotations,0.17628626429131433,Medium (10-30%),22,joint_stratum_round_robin,KSU_1 | 60-70 | Post-Flowering,0.45849180221557617,0.4897443652153015,0.13122622668743134,1.1428210735321045,inverse,0.15903517603874207,0.0016960373613983393,-0.15733913867734373,1.2875086069107056,0.517528235912323,0.31791001558303833,0.583177387714386,0.7084202170372009,174.6425,114.7375,190.81380897028916,137.9949495226184,0.5344601312388149,0.054871875
538,68e0ebae1ccb658855395b7314e654204c95b00e90a1c3f6531c93137bf34029.png,50,50-60,authoritative_subset_annotations,NAU_3,authoritative_subset_annotations,Filling,authoritative_subset_annotations,0.09375376132409925,Low (<10%),23,joint_stratum_round_robin,NAU_3 | 50-60 | Filling,0.462516188621521,0.49043577909469604,0.13062258064746857,1.1433050632476807,inverse,0.1714339703321457,0.002052469179034233,-0.16938150115311146,1.3003700971603394,0.4043034613132477,0.2743818163871765,0.39747440814971924,0.7116933465003967,151.125,129.67375,183.3720620078206,164.27269192089565,0.6268521603105401,0.04025390625
449,5661a9fa96878dce3615c40405f8bec8d9de3bf66da76b5dbe869c2d5e1cc343.png,20,20-30,authoritative_subset_annotations,Terraref_1,authoritative_subset_annotations,Ripening,authoritative_subset_annotations,0.03534181091204338,Low (<10%),24,joint_stratum_round_robin,Terraref_1 | 20-30 | Ripening,0.45887261629104614,0.48602738976478577,0.13116911053657532,1.1402192115783691,inverse,0.1270655393600464,0.0016050874255597591,-0.12546045193448663,1.285332202911377,0.5982577204704285,0.3799645006656647,0.5869235992431641,0.8314257860183716,105.07875,67.915,136.0476113294074,95.55688894580024,0.47594569518060725,0.03838984375
270,3005d16e759a05db093de79140b12b3e0b59d46c39f10ceb9eadbc04d1e0f1f6.png,29,20-30,authoritative_subset_annotations,KSU_3,authoritative_subset_annotations,Filling,authoritative_subset_annotations,0.1018621098057551,Medium (10-30%),25,joint_stratum_round_robin,KSU_3 | 20-30 | Filling,0.45820119976997375,0.4911136329174042,0.13126982748508453,1.1437795162200928,inverse,0.13874056935310364,0.0017947996966540813,-0.13694576965644956,1.249211311340332,0.5889753103256226,0.34155017137527466,0.4981934428215027,0.7183253765106201,179.51625,101.74,184.20330747827927,120.10928835856117,0.4733171817705605,0.06283984375
763,91edc93bee2deaa58b729fa77041bd73649301fa62fea357c9ce2929c5830b0a.png,67,60-70,authoritative_subset_annotations,CIMMYT_1,authoritative_subset_annotations,Post-Flowering,authoritative_subset_annotations,0.2207446230319949,Medium (10-30%),26,joint_stratum_round_robin,CIMMYT_1 | 60-70 | Post-Flowering,0.45848673582077026,0.4889146685600281,0.13122698664665222,1.142240285873413,inverse,0.138189435005188,0.0017287604277953506,-0.13646067457739264,1.2727197408676147,0.5291394591331482,0.3441307246685028,0.6748502850532532,0.7702480554580688,131.54125,88.0075,159.47453808817727,113.5806043906705,0.4742607250476342,0.04893359375
783,95e5ad4cefbaa236cf8fdb6be8bb5c526e40a376378a1656662a25fbcb402262.png,96,80-100,authoritative_subset_annotations,UQ_9,authoritative_subset_annotations,Filling-Ripening,authoritative_subset_annotations,0.2739470631322082,Medium (10-30%),27,joint_stratum_round_robin,UQ_9 | 80-100 | Filling-Ripening,0.46050384640693665,0.48576873540878296,0.13092443346977234,1.1400381326675415,inverse,0.15023374557495117,0.002707605017349124,-0.14752614055760205,1.3017443418502808,0.4924516975879669,0.32188332080841064,0.6664819121360779,0.7570152878761292,116.26125,91.825,152.86692905412048,126.75682673923326,0.6042421555778275,0.03208359375
801,99171365a43884b9a4ab51de47187f3825decbbf2a5d8076fcac6d77dbb686b7.png,90,80-100,authoritative_subset_annotations,UQ_10,authoritative_subset_annotations,Filling-Ripening,authoritative_subset_annotations,0.11498438481880685,Medium (10-30%),28,joint_stratum_round_robin,UQ_10 | 80-100 | Filling-Ripening,0.4614655673503876,0.48651549220085144,0.1307801604270935,1.1405608654022217,inverse,0.1574658304452896,0.0024498330894857645,-0.15501599735580385,1.2790957689285278,0.5343839526176453,0.3367091119289398,0.6951277256011963,0.6777583956718445,253.60125,195.9925,251.91902915110938,209.81969031468424,0.6177819958079577,0.06638828125
1224,e69f493af388b9eea8715cb57ecf2585ecf43b53fc02faa2cd70e10ea1051382.png,117,>100,authoritative_subset_annotations,UQ_10,authoritative_subset_annotations,Filling-Ripening,authoritative_subset_annotations,0.12355670897389255,Medium (10-30%),29,joint_stratum_round_robin,UQ_10 | >100 | Filling-Ripening,0.4543516933917999,0.48307883739471436,0.13184724748134613,1.138155221939087,inverse,0.1309979110956192,0.002836913801729679,-0.12816099729388952,1.2926836013793945,0.47897934913635254,0.2894628942012787,0.6950939893722534,0.6420329213142395,175.755,138.71875,202.496570896892,170.7340575234991,0.6499039224559126,0.04170546875
186,223562d184e5c4e5d6d2a5c08f55732c7990c21ec699e60a72bb8fed51b6f925.png,41,40-50,authoritative_subset_annotations,Terraref_1,authoritative_subset_annotations,Ripening,authoritative_subset_annotations,0.042829997973019646,Low (<10%),30,joint_stratum_round_robin,Terraref_1 | 40-50 | Ripening,0.4613941013813019,0.48897290229797363,0.13079088926315308,1.1422810554504395,inverse,0.16233564913272858,0.0023674126714468002,-0.15996823646128178,1.3216949701309204,0.5629087686538696,0.3574366867542267,0.5029230713844299,0.8091901540756226,299.09,189.545,271.2495933637505,197.98086517388492,0.5293261556758787,0.093990625
759,91a1ae548c3f81fc4b18e3493d7d5ff9d501bff53b31d450c88e888caa844c7b.png,41,40-50,authoritative_subset_annotations,NAU_3,authoritative_subset_annotations,Filling,authoritative_subset_annotations,0.044029270448974284,Low (<10%),31,joint_stratum_round_robin,NAU_3 | 40-50 | Filling,0.4566696584224701,0.4907078146934509,0.1314995437860489,1.1434954404830933,inverse,0.16045139729976654,0.0017219275468960404,-0.1587294697528705,1.282470941543579,0.5587887763977051,0.3274824321269989,0.46404069662094116,0.7574698328971863,458.41875,385.94875,372.7866828340807,337.9494246532127,0.7272483194018631,0.083334375
942,b46c9ed893c41b6174f024cea4c08a73a77d912d606a2cc44402e86d3ec122e5.png,159,>100,authoritative_subset_annotations,UQ_8,authoritative_subset_annotations,Ripening,authoritative_subset_annotations,0.13077520673601628,Medium (10-30%),32,joint_stratum_round_robin,UQ_8 | >100 | Ripening,0.4644473195075989,0.48177221417427063,0.13033290207386017,1.1372405290603638,inverse,0.10686264932155609,0.0032048255670815706,-0.10365782375447452,1.2208877801895142,0.4814397990703583,0.34101617336273193,0.8475137948989868,0.7276785969734192,165.59875,128.92625,189.7567297843149,158.46455695497812,0.6300693204931302,0.041775
1031,c3d6ee524b6c4d8de09f2d08b3973b66b88e00c99405fa2a780686a9e4314a8e.png,70,70-80,authoritative_subset_annotations,Ukyoto_1,authoritative_subset_annotations,Post-Flowering,authoritative_subset_annotations,0.436279176349123,High (>30%),33,joint_stratum_round_robin,Ukyoto_1 | 70-80 | Post-Flowering,0.45512109994888306,0.46655791997909546,0.13173183798789978,1.1265904903411865,inverse,0.11300574988126755,0.003574211383238435,-0.10943153849802911,1.2431150674819946,0.3114132583141327,0.21447959542274475,0.6731075048446655,0.6277026534080505,99.6325,77.87375,115.71603148980698,99.25491958053011,0.6085203266767101,0.02700078125
466,5acb9f057f3c072ef777d3eae2044f9509fb29659f25868cc333f6a8b64301fd.png,61,60-70,authoritative_subset_annotations,KSU_3,authoritative_subset_annotations,Filling,authoritative_subset_annotations,0.03319244866421513,Low (<10%),34,joint_stratum_round_robin,KSU_3 | 60-70 | Filling,0.4542173743247986,0.4847069978713989,0.1318673938512802,1.1392948627471924,inverse,0.14918972551822662,0.0018078224966302514,-0.14738190302159637,1.2619202136993408,0.4966030716896057,0.29079270362854004,0.6357589364051819,0.751498818397522,263.84625,185.43625,268.9714531524442,210.48218080383313,0.6234896630847686,0.065121875
1094,d0422800563470ebe1f23d10babef371476f2c1ad513705b805bce0f7ded2038.png,44,40-50,authoritative_subset_annotations,UQ_10,authoritative_subset_annotations,Filling-Ripening,authoritative_subset_annotations,0.051410862413060164,Low (<10%),35,joint_stratum_round_robin,UQ_10 | 40-50 | Filling-Ripening,0.46355581283569336,0.4881420433521271,0.13046662509441376,1.1416994333267212,inverse,0.15692728757858276,0.0028373778332024813,-0.15408990974538028,1.2644990682601929,0.5632049441337585,0.37631362676620483,0.5645262002944946,0.6274915337562561,460.915,335.3725,364.4690371279843,303.880360904995,0.6296578647115104,0.1130984375
492,5ed5383abafe71472952ac0fcfe95bb9d48dc15abf814185ca0277f640feaa64.png,108,>100,authoritative_subset_annotations,KSU_3,authoritative_subset_annotations,Filling,authoritative_subset_annotations,0.05143502421417638,Low (<10%),36,joint_stratum_round_robin,KSU_3 | >100 | Filling,0.4527004063129425,0.4839518368244171,0.13209494948387146,1.1387662887573242,inverse,0.14713157713413239,0.001955325249582529,-0.14517625188454986,1.2647337913513184,0.4430926740169525,0.2520291805267334,0.8092232346534729,0.7084646224975586,104.71625,64.6775,131.9845520731025,88.66359029359232,0.5241131880243831,0.03305703125
279,320d65be4720b663001ebfc54ad9bd7c7ce6a83991395681289472d688891184.png,59,50-60,authoritative_subset_annotations,CIMMYT_2,authoritative_subset_annotations,Post-Flowering,authoritative_subset_annotations,0.00956613522701185,Low (<10%),37,joint_stratum_round_robin,CIMMYT_2 | 50-60 | Post-Flowering,0.4545993506908417,0.48962247371673584,0.13181009888648987,1.1427357196807861,inverse,0.15997648239135742,0.0017567324684932828,-0.15821974992286414,1.2803468704223633,0.6246265769004822,0.35616597533226013,0.4969130754470825,0.6730552315711975,434.93625,338.2975,353.1615702280438,303.4560721813785,0.670687275663792,0.09525859375
378,460375f69e189a5aafbd7e8e151d13eca7d01c1d569fb583b9b0ff820f8bf615.png,45,40-50,authoritative_subset_annotations,UQ_11,authoritative_subset_annotations,Post-Flowering,authoritative_subset_annotations,0.10662274969011347,Medium (10-30%),38,joint_stratum_round_robin,UQ_11 | 40-50 | Post-Flowering,0.4618062376976013,0.48463279008865356,0.1307290643453598,1.1392428874969482,inverse,0.13277877867221832,0.0028910571709275246,-0.1298877215012908,1.297274112701416,0.5532822608947754,0.3743295967578888,0.7216899991035461,0.6542229652404785,510.28,427.50625,367.0856257060469,336.0310271551386,0.6792850667591857,0.11193828125
48,08ab46fdcf86c9787eeb0097058eb6f893134c7a6480928e753700320b4b6e0d.png,19,10-20,authoritative_subset_annotations,CIMMYT_2,authoritative_subset_annotations,Post-Flowering,authoritative_subset_annotations,0.10722938576930682,Medium (10-30%),39,joint_stratum_round_robin,CIMMYT_2 | 10-20 | Post-Flowering,0.46316635608673096,0.4912566542625427,0.13052505254745483,1.1438796520233154,inverse,0.16069376468658447,0.0019194482592865825,-0.1587743164272979,1.2810311317443848,0.6365290880203247,0.3621976673603058,0.49229416251182556,0.7366451025009155,628.6725,401.305,393.16220602157324,312.8539826740264,0.5954698509635957,0.16321875
851,a398c60d4a03c68cfa79f7a50de846b7d2f5da56ed27533e05bcb2c19ec3fb5b.png,78,70-80,authoritative_subset_annotations,KSU_3,authoritative_subset_annotations,Filling,authoritative_subset_annotations,0.3671292441208159,High (>30%),40,joint_stratum_round_robin,KSU_3 | 70-80 | Filling,0.4541931748390198,0.4851919710636139,0.1318710297346115,1.139634370803833,inverse,0.14330986142158508,0.0015742527320981026,-0.14173560868948698,1.2430791854858398,0.5283235907554626,0.3015236258506775,0.6565634608268738,0.7329596281051636,187.1725,122.13875,208.94126924509195,151.0946871946115,0.5684657560295376,0.05318828125
626,7b1ddbae9bed9a2f2b11f1bba5df6d29ee17a7a21c5226f9b16c3cc2d6128227.png,27,20-30,authoritative_subset_annotations,NAU_3,authoritative_subset_annotations,Filling,authoritative_subset_annotations,0.01746601632978016,Low (<10%),41,joint_stratum_round_robin,NAU_3 | 20-30 | Filling,0.45033180713653564,0.4856288433074951,0.13245023787021637,1.1399402618408203,inverse,0.14496411383152008,0.0020323158241808414,-0.14293179800733924,1.3147002458572388,0.6093615889549255,0.35273852944374084,0.5419026017189026,0.7306308150291443,527.75625,401.3225,372.1137787504482,322.24449722803644,0.6404312608973934,0.12727890625
472,5b75c3599a6f9b1277068e8a3a9d9a812190f99fb0194a0ef0b7028da51db287.png,52,50-60,authoritative_subset_annotations,CIMMYT_1,authoritative_subset_annotations,Post-Flowering,authoritative_subset_annotations,0.01654616370479604,Low (<10%),42,joint_stratum_round_robin,CIMMYT_1 | 50-60 | Post-Flowering,0.46849918365478516,0.4954752027988434,0.1297251284122467,1.1468327045440674,inverse,0.15899163484573364,0.0017337814206257463,-0.1572578534251079,1.2488588094711304,0.5668952465057373,0.35759592056274414,0.5369924306869507,0.7055611610412598,377.79,276.9225,315.1431395413836,259.56073758130293,0.61134218525036,0.0986984375
248,2c906513d2e8186cad64b65514d02935de49ff0396c27f17e98dc89c55bc3d45.png,64,60-70,authoritative_subset_annotations,NAU_3,authoritative_subset_annotations,Filling,authoritative_subset_annotations,0.1363007533955581,Medium (10-30%),43,joint_stratum_round_robin,NAU_3 | 60-70 | Filling,0.45523637533187866,0.4890439510345459,0.13171455264091492,1.1423307657241821,inverse,0.15550769865512848,0.002247248077765107,-0.15326045057736337,1.2892980575561523,0.4897923171520233,0.29867812991142273,0.4379110634326935,0.7723501920700073,219.15,182.565,243.25234068760776,210.58425457521747,0.651916009149554,0.0529046875
118,1529d4f11ed2215a351178293bfbe8cb55a3a15d75b86622943f6de711e173df.png,17,10-20,authoritative_subset_annotations,KSU_2,authoritative_subset_annotations,Post-Flowering,authoritative_subset_annotations,0.015903997686691245,Low (<10%),44,joint_stratum_round_robin,KSU_2 | 10-20 | Post-Flowering,0.4632291793823242,0.4924105703830719,0.13051562011241913,1.1446874141693115,inverse,0.16339971125125885,0.0017814133316278458,-0.161618297919631,1.2835352420806885,0.5579851865768433,0.32005444169044495,0.34737998247146606,0.6993815302848816,405.87625,242.98625,316.8051190178869,229.77214487604346,0.5688117480302586,0.1114625
1337,f918e1d99105d7ab59246ab1e2bdf2a47dedfc8f51180580168652ec6d0223c9.png,1,0-10,authoritative_subset_annotations,Terraref_2,authoritative_subset_annotations,Filling,authoritative_subset_annotations,0.0,Low (<10%),45,joint_stratum_round_robin,Terraref_2 | 0-10 | Filling,0.4551958739757538,0.4859240651130676,0.1317206174135208,1.1401468515396118,inverse,0.1609431803226471,0.0022720086853951216,-0.15867117163725197,1.31549072265625,0.5863182544708252,0.3338879346847534,0.47262856364250183,0.8274108171463013,477.05875,337.06625,346.1560165567508,285.8767424274621,0.6224335756313616,0.1184125
160,1ceffde8e25265825dad91a152fcfe8fb34e174b2977ea0f0ed2dd0111b9c49a.png,21,20-30,authoritative_subset_annotations,NAU_2,authoritative_subset_annotations,Post-Flowering,authoritative_subset_annotations,0.06350273543379235,Low (<10%),46,joint_stratum_round_robin,NAU_2 | 20-30 | Post-Flowering,0.46092620491981506,0.49044936895370483,0.1308610737323761,1.1433145999908447,inverse,0.16532698273658752,0.0018958107102662325,-0.1634311720263213,1.3027896881103516,0.5763653516769409,0.33807721734046936,0.45233461260795593,0.7283294796943665,339.7225,237.15625,291.4531017054888,232.15840892790746,0.5905888759452138,0.09280390625
435,52fe0e7e01ad112fabecb3d1269e58a91929a866fb93028a6c9b5d7ab393ae8c.png,33,30-40,authoritative_subset_annotations,Terraref_2,authoritative_subset_annotations,Filling,authoritative_subset_annotations,0.04942989560109619,Low (<10%),47,joint_stratum_round_robin,Terraref_2 | 30-40 | Filling,0.456757128238678,0.485518217086792,0.1314864307641983,1.1398627758026123,inverse,0.15347039699554443,0.0020595588721334934,-0.15141083812341094,1.2937183380126953,0.5493403077125549,0.3312157392501831,0.5542283654212952,0.6192266345024109,127.11875,81.9925,147.00990493309456,106.01700898322872,0.4796348873616897,0.04596328125
92,11944b36d9fda4c21a7203421dd4a0de61b9d9a8c8448d3418dea4e28c31450a.png,80,80-100,authoritative_subset_annotations,NAU_3,authoritative_subset_annotations,Filling,authoritative_subset_annotations,0.06993234837314997,Low (<10%),48,joint_stratum_round_robin,NAU_3 | 80-100 | Filling,0.4469195306301117,0.4817310869693756,0.13296206295490265,1.137211799621582,inverse,0.14146362245082855,0.001703782007098198,-0.13975984044373035,1.2642971277236938,0.44030532240867615,0.24465306103229523,0.42865604162216187,0.7143523097038269,281.09,241.73125,276.85892057147083,251.27873521935257,0.7073177700945795,0.05601640625
1124,d4ae9c2180ce6013bddca86d5ef93407c8e4898f5be17a8cb7cc3ce88880318e.png,23,20-30,authoritative_subset_annotations,CIMMYT_3,authoritative_subset_annotations,Post-Flowering,authoritative_subset_annotations,0.10449273541480145,Medium (10-30%),49,joint_stratum_round_robin,CIMMYT_3 | 20-30 | Post-Flowering,0.46802860498428345,0.4950229227542877,0.12979571521282196,1.1465160846710205,inverse,0.15427711606025696,0.0018745743436738849,-0.15240254171658307,1.232787013053894,0.5755506157875061,0.38782739639282227,0.4258235991001129,0.7362532019615173,446.545,311.64375,355.6927894616364,288.2291004321693,0.5985257376582579,0.11901328125
1323,f674ddf815f4be5e36b4bf4905559562630da66d37cfb70c3aadf9563ff7e638.png,99,80-100,authoritative_subset_annotations,UQ_7,authoritative_subset_annotations,Ripening,authoritative_subset_annotations,0.17865706961537364,Medium (10-30%),50,joint_stratum_round_robin,UQ_7 | 80-100 | Ripening,0.46020975708961487,0.48515257239341736,0.13096854090690613,1.1396068334579468,inverse,0.16435648500919342,0.002602707128971815,-0.1617537778802216,1.2818135023117065,0.4356165826320648,0.28866973519325256,0.7233226895332336,0.6159586906433105,148.15625,126.68,176.41143836479964,159.9116829690689,0.6650309350175311,0.03455703125
590,7228cb212d5496d80c4d3b4b5ffb61206d2ff1e8a4da739aeb8b137454797c51.png,40,40-50,authoritative_subset_annotations,CIMMYT_3,authoritative_subset_annotations,Post-Flowering,authoritative_subset_annotations,0.06181270345169911,Low (<10%),51,joint_stratum_round_robin,CIMMYT_3 | 40-50 | Post-Flowering,0.47452858090400696,0.4931931495666504,0.12882071733474731,1.1452351808547974,inverse,0.16192187368869781,0.0020372990984469652,-0.15988457459025085,1.2617459297180176,0.6388176679611206,0.3940826952457428,0.4217574894428253,0.7123436331748962,303.4325,241.20375,285.7841828963772,242.36145214521534,0.615154784014116,0.08110703125
508,61d9ad2002e4f17842d08728cb07b131277a957a9f6a19dcb3efe60f4164bb26.png,82,80-100,authoritative_subset_annotations,KSU_3,authoritative_subset_annotations,Filling,authoritative_subset_annotations,0.0012616616689480884,Low (<10%),52,joint_stratum_round_robin,KSU_3 | 80-100 | Filling,0.45436134934425354,0.48768049478530884,0.13184580206871033,1.1413763761520386,inverse,0.15555821359157562,0.0017893253825604916,-0.15376888820901513,1.2752426862716675,0.49217453598976135,0.27824667096138,0.6549604535102844,0.6728677153587341,206.85875,130.62,217.9274106174749,155.71460464580707,0.5617508908325235,0.05918828125
881,a981b3674d8fb6aaaab46b3bb7ad0bf52f8aca96032a69fcac43a72c462c7dd2.png,0,0-10,authoritative_subset_annotations,CIMMYT_3,authoritative_subset_annotations,Post-Flowering,authoritative_subset_annotations,0.0,Low (<10%),53,joint_stratum_round_robin,CIMMYT_3 | 0-10 | Post-Flowering,0.4420582056045532,0.4718988537788391,0.13369126617908478,1.1303291320800781,inverse,0.09813208132982254,0.0018981217872351408,-0.0962339595425874,1.3265066146850586,0.36486080288887024,0.23913858830928802,0.09067066013813019,0.9383387565612793,1019.0375,895.47,434.98961894940663,430.4485237516793,0.8383536980579495,0.1052140625
59,0af5c1bc753619e4f5d504e5424d056af22954f04d50cd0d4a21682cfdd9a4dc.png,55,50-60,authoritative_subset_annotations,CIMMYT_3,authoritative_subset_annotations,Post-Flowering,authoritative_subset_annotations,0.08591213905091168,Low (<10%),54,joint_stratum_round_robin,CIMMYT_3 | 50-60 | Post-Flowering,0.4625532627105713,0.49284857511520386,0.13061700761318207,1.1449940204620361,inverse,0.15338465571403503,0.0017804264789447188,-0.15160422923509032,1.2625850439071655,0.5797693133354187,0.36592531204223633,0.448891282081604,0.7027274966239929,325.775,242.94,300.1015650992177,245.77677911063932,0.6009430310707625,0.0886
1129,d5abfdbd63a0d137f610cd4de02cb9ec29c27d4e2861548df0c3043bcf7f87d7.png,63,60-70,authoritative_subset_annotations,UQ_10,authoritative_subset_annotations,Filling-Ripening,authoritative_subset_annotations,0.03781990058589175,Low (<10%),55,joint_stratum_round_robin,UQ_10 | 60-70 | Filling-Ripening,0.46147897839546204,0.4853081703186035,0.13077816367149353,1.1397156715393066,inverse,0.14011092483997345,0.002670310903340578,-0.13744061393663287,1.2849265336990356,0.4938300848007202,0.31487786769866943,0.5052369832992554,0.6382706165313721,308.2825,242.40625,302.76556969667143,256.9439967404133,0.7036067424854697,0.05988046875
873,a78f889b83294e2bdf12ceb6e0eeea8e8330e86847380ac1aed6deb50b9aa1f0.png,51,50-60,authoritative_subset_annotations,Terraref_1,authoritative_subset_annotations,Ripening,authoritative_subset_annotations,0.06996430062836202,Low (<10%),56,joint_stratum_round_robin,Terraref_1 | 50-60 | Ripening,0.46247315406799316,0.48911717534065247,0.1306290328502655,1.142382025718689,inverse,0.14701958000659943,0.0017266628565266728,-0.14529291715007275,1.301235318183899,0.5573534369468689,0.3864615261554718,0.5400305986404419,0.7005679607391357,127.67375,98.54875,162.6080096764532,131.76272755767278,0.539766539613395,0.0422609375
94,11f2950bd15de7c55f66c7af78436d0f444c56f332edd455cb8ad2f4cd2fdc76.png,40,40-50,authoritative_subset_annotations,Terraref_2,authoritative_subset_annotations,Filling,authoritative_subset_annotations,0.05229558870945587,Low (<10%),57,joint_stratum_round_robin,Terraref_2 | 40-50 | Filling,0.4563837945461273,0.4850199818611145,0.13154242932796478,1.1395139694213867,inverse,0.16392546892166138,0.0020032781176269054,-0.16192219080403447,1.3198027610778809,0.5427684187889099,0.31653252243995667,0.5007256269454956,0.6685271859169006,267.90875,176.765,251.82113031562204,189.50144399185984,0.5611900080749921,0.07811640625
848,a2bbc0c13317f4d9b68c06fa6a1b9f955583f16d5f81bcdfa720f57e587b247e.png,38,30-40,authoritative_subset_annotations,UQ_9,authoritative_subset_annotations,Filling-Ripening,authoritative_subset_annotations,0.16220350762107016,Medium (10-30%),58,joint_stratum_round_robin,UQ_9 | 30-40 | Filling-Ripening,0.46423575282096863,0.4848332405090332,0.13036464154720306,1.139383316040039,inverse,0.10829297453165054,0.003064300399273634,-0.10522867413237691,1.2553528547286987,0.6248117089271545,0.4383905529975891,0.5620965957641602,0.5145800113677979,468.63375,314.13875,375.8899800619025,297.42989846086004,0.6154794704310229,0.1164484375
1326,f6ad84a7559f46204cf40d3df1962b50738ddb5d6cc4ee35f461b265b3d6d021.png,76,70-80,authoritative_subset_annotations,UQ_10,authoritative_subset_annotations,Filling-Ripening,authoritative_subset_annotations,0.11644605901175777,Medium (10-30%),59,joint_stratum_round_robin,UQ_10 | 70-80 | Filling-Ripening,0.4627264142036438,0.48257482051849365,0.1305910348892212,1.1378023624420166,inverse,0.14051106572151184,0.0034563676454126835,-0.13705469807609916,1.2706234455108643,0.5138013362884521,0.3281556963920593,0.5785189867019653,0.6200472116470337,371.785,276.895,323.63161932203104,267.3839051345462,0.6550756345938568,0.0844921875
907,ad0d94309c53fab42484e0c3c5f83ac1e56cb5dd2f9d4305169bb8c72cf2bcb8.png,48,40-50,authoritative_subset_annotations,Ukyoto_1,authoritative_subset_annotations,Post-Flowering,authoritative_subset_annotations,0.13770670205383198,Medium (10-30%),60,joint_stratum_round_robin,Ukyoto_1 | 40-50 | Post-Flowering,0.4619736075401306,0.48822057247161865,0.13070395588874817,1.141754388809204,inverse,0.16185973584651947,0.0020442488603293896,-0.15981548698619008,1.3063119649887085,0.625184953212738,0.42662113904953003,0.43279731273651123,0.7112614512443542,216.24375,154.9675,209.6460990238967,163.33096443647787,0.5873819361666871,0.06030703125
1060,c9e70ffb0c261c71e09485fb98f28d39b837683b3195bcb32a8e743f123f89da.png,62,60-70,authoritative_subset_annotations,Terraref_1,authoritative_subset_annotations,Ripening,authoritative_subset_annotations,0.04320814549055642,Low (<10%),61,joint_stratum_round_robin,Terraref_1 | 60-70 | Ripening,0.4579063951969147,0.4849311113357544,0.13131405413150787,1.1394517421722412,inverse,0.1547643095254898,0.002160603180527687,-0.15260370634496212,1.3085500001907349,0.6026953458786011,0.3685438930988312,0.664729118347168,0.688319981098175,232.00875,118.9275,230.25048843257096,138.31672347821865,0.4411722431547283,0.08504921875
1176,dd7deb17ffb0191dd839ca9ab6441aae406e0e497b9cf473a086d71ca0729833.png,74,70-80,authoritative_subset_annotations,NAU_3,authoritative_subset_annotations,Filling,authoritative_subset_annotations,0.08581698454224553,Low (<10%),62,joint_stratum_round_robin,NAU_3 | 70-80 | Filling,0.45227915048599243,0.4864278733730316,0.13215813040733337,1.1404995918273926,inverse,0.1465522050857544,0.0016324800672009587,-0.14491972501855344,1.2673909664154053,0.5127102732658386,0.28494793176651,0.5171711444854736,0.7516594529151917,294.1525,249.61125,288.3202633249179,261.5667436304499,0.711186550020455,0.05736015625
264,2ebc1edb8574427a21a245fbd141cd927ea3148b360c1c0c629b375067f805e9.png,30,30-40,authoritative_subset_annotations,KSU_3,authoritative_subset_annotations,Filling,authoritative_subset_annotations,0.002975295850950478,Low (<10%),63,joint_stratum_round_robin,KSU_3 | 30-40 | Filling,0.4605110287666321,0.49168792366981506,0.1309233456850052,1.144181489944458,inverse,0.16121132671833038,0.0019245153525844216,-0.15928681136574596,1.2861930131912231,0.6083689332008362,0.36208024621009827,0.48832225799560547,0.7787058353424072,338.79625,208.0125,297.7490255835231,211.9022500912862,0.5433495625176404,0.10111953125
669,84185ca9e0886adf5349b2540ca11062bf1ad9813fe5a2c6cf6a597df09f3247.png,15,10-20,authoritative_subset_annotations,UQ_11,authoritative_subset_annotations,Post-Flowering,authoritative_subset_annotations,0.0,Low (<10%),64,joint_stratum_round_robin,UQ_11 | 10-20 | Post-Flowering,0.4573810398578644,0.4836016297340393,0.13139285147190094,1.1385211944580078,inverse,0.13778723776340485,0.0023031842429190874,-0.13548405352048576,1.292471170425415,0.5572085976600647,0.3597768545150757,0.6084738373756409,0.7232601046562195,461.96125,330.78375,348.1924895060741,285.0694336226483,0.5899498092148476,0.12778125
